{"cameraMode":{"drawMode":0,"name":"Shaded","section":"Shading Mode"},"sceneLighting":false,"audioPlay":false,"sceneViewState":{"showFog":false,"showMaterialUpdate":false,"showSkybox":false,"showFlares":false,"showImageEffects":false,"showParticleSystems":false},"in2DMode":false,"pivot":{"x":-9.944642066955567,"y":1.286708116531372,"z":27.204833984375},"rotation":{"x":-0.20337267220020295,"y":-0.7266290783882141,"z":0.2421770840883255,"w":-0.6121453046798706},"size":7.074638366699219,"orthographic":false}