{"cameraMode":{"drawMode":0,"name":"Shaded","section":"Shading Mode"},"sceneLighting":false,"audioPlay":false,"sceneViewState":{"showFog":false,"showMaterialUpdate":false,"showSkybox":false,"showFlares":false,"showImageEffects":false,"showParticleSystems":false},"in2DMode":false,"pivot":{"x":-4.037652015686035,"y":6.178801536560059,"z":14.25411319732666},"rotation":{"x":0.31816959381103518,"y":0.6164953112602234,"z":-0.29734283685684206,"w":0.6567705869674683},"size":7.39054536819458,"orthographic":false}