{"cameraMode":{"drawMode":0,"name":"Shaded","section":"Shading Mode"},"sceneLighting":true,"audioPlay":false,"sceneViewState":{"showFog":false,"showMaterialUpdate":false,"showSkybox":false,"showFlares":false,"showImageEffects":false,"showParticleSystems":false},"in2DMode":false,"pivot":{"x":11.227710723876954,"y":1.4890152215957642,"z":4.910086631774902},"rotation":{"x":0.33311018347740176,"y":-0.10308779031038284,"z":0.03265145793557167,"w":0.9380686283111572},"size":36.63929748535156,"orthographic":false}