{"cameraMode":{"drawMode":0,"name":"Shaded","section":"Shading Mode"},"sceneLighting":false,"audioPlay":false,"sceneViewState":{"showFog":false,"showMaterialUpdate":false,"showSkybox":false,"showFlares":false,"showImageEffects":false,"showParticleSystems":false},"in2DMode":false,"pivot":{"x":-0.018485844135284425,"y":0.8880041837692261,"z":-0.20261287689208985},"rotation":{"x":-0.2572067379951477,"y":-0.09057684242725373,"z":0.02423170581459999,"w":-0.9617988467216492},"size":17.404422760009767,"orthographic":false}