{"cameraMode":{"drawMode":0,"name":"Shaded","section":"Shading Mode"},"sceneLighting":false,"audioPlay":false,"sceneViewState":{"showFog":false,"showMaterialUpdate":false,"showSkybox":false,"showFlares":false,"showImageEffects":false,"showParticleSystems":false},"in2DMode":false,"pivot":{"x":0.7397613525390625,"y":27.095247268676759,"z":22.254329681396486},"rotation":{"x":-0.1596473753452301,"y":0.11857804656028748,"z":-0.015295354649424553,"w":-0.981270968914032},"size":76.57884979248047,"orthographic":false}