{"cameraMode":{"drawMode":0,"name":"Shaded","section":"Shading Mode"},"sceneLighting":false,"audioPlay":false,"sceneViewState":{"showFog":false,"showMaterialUpdate":false,"showSkybox":false,"showFlares":false,"showImageEffects":false,"showParticleSystems":false},"in2DMode":false,"pivot":{"x":70.91983795166016,"y":15.225828170776368,"z":38.05940246582031},"rotation":{"x":0.07639877498149872,"y":-0.6389550566673279,"z":0.06564608216285706,"w":0.7636358737945557},"size":3.748516321182251,"orthographic":false}