{"cameraMode":{"drawMode":0,"name":"Shaded","section":"Shading Mode"},"sceneLighting":false,"audioPlay":false,"sceneViewState":{"showFog":false,"showMaterialUpdate":false,"showSkybox":false,"showFlares":false,"showImageEffects":false,"showParticleSystems":false},"in2DMode":false,"pivot":{"x":7.992959022521973,"y":1.9776697158813477,"z":21.90685272216797},"rotation":{"x":0.12864768505096436,"y":0.2204962968826294,"z":-0.02970774844288826,"w":0.9672526121139526},"size":3.169987440109253,"orthographic":false}