{"cameraMode":{"drawMode":0,"name":"Shaded","section":"Shading Mode"},"sceneLighting":false,"audioPlay":false,"sceneViewState":{"showFog":false,"showMaterialUpdate":false,"showSkybox":false,"showFlares":false,"showImageEffects":false,"showParticleSystems":false},"in2DMode":false,"pivot":{"x":3.004484176635742,"y":0.9342732429504395,"z":-1.9906563758850098},"rotation":{"x":-0.46302932500839236,"y":-0.18820063769817353,"z":0.10131415724754334,"w":-0.8601859211921692},"size":5.963443279266357,"orthographic":false}