{"cameraMode":{"drawMode":0,"name":"Shaded","section":"Shading Mode"},"sceneLighting":false,"audioPlay":false,"sceneViewState":{"showFog":false,"showMaterialUpdate":false,"showSkybox":false,"showFlares":false,"showImageEffects":false,"showParticleSystems":false},"in2DMode":false,"pivot":{"x":17.750808715820314,"y":128.58761596679688,"z":0.9837867021560669},"rotation":{"x":0.3295350968837738,"y":-0.10411664843559265,"z":0.03698737174272537,"w":0.9382231831550598},"size":6.29418420791626,"orthographic":false}