{"cameraMode":{"drawMode":0,"name":"Shaded","section":"Shading Mode"},"sceneLighting":false,"audioPlay":false,"sceneViewState":{"showFog":false,"showMaterialUpdate":false,"showSkybox":false,"showFlares":false,"showImageEffects":false,"showParticleSystems":false},"in2DMode":false,"pivot":{"x":-2.879852056503296,"y":0.9104589223861694,"z":-2.370194435119629},"rotation":{"x":-0.2936197519302368,"y":-0.3287025988101959,"z":0.10831660032272339,"w":-0.8910723924636841},"size":3.469987392425537,"orthographic":false}