{"cameraMode":{"drawMode":0,"name":"Shaded","section":"Shading Mode"},"sceneLighting":false,"audioPlay":false,"sceneViewState":{"showFog":false,"showMaterialUpdate":false,"showSkybox":false,"showFlares":false,"showImageEffects":false,"showParticleSystems":false},"in2DMode":false,"pivot":{"x":-0.6748976707458496,"y":1.6601181030273438,"z":0.6335043907165527},"rotation":{"x":-0.13330844044685365,"y":0.14801612496376038,"z":-0.02071433514356613,"w":-0.9797406196594238},"size":4.192926406860352,"orthographic":false}