{"cameraMode":{"drawMode":0,"name":"Shaded","section":"Shading Mode"},"sceneLighting":false,"audioPlay":false,"sceneViewState":{"showFog":false,"showMaterialUpdate":false,"showSkybox":false,"showFlares":false,"showImageEffects":false,"showParticleSystems":false},"in2DMode":false,"pivot":{"x":-11.498147964477539,"y":-0.7658767700195313,"z":22.123153686523439},"rotation":{"x":-0.1393565833568573,"y":-0.851350724697113,"z":0.2834054231643677,"w":-0.41888120770454409},"size":5.8842573165893559,"orthographic":false}