{"cameraMode":{"drawMode":0,"name":"Shaded","section":"Shading Mode"},"sceneLighting":false,"audioPlay":false,"sceneViewState":{"showFog":false,"showMaterialUpdate":false,"showSkybox":false,"showFlares":false,"showImageEffects":false,"showParticleSystems":false},"in2DMode":false,"pivot":{"x":-13.354511260986329,"y":16.92198944091797,"z":23.91228675842285},"rotation":{"x":-0.011705932207405568,"y":-0.8185710906982422,"z":0.02519308216869831,"w":-0.5758985280990601},"size":14.30384635925293,"orthographic":false}